{"cameraMode":{"drawMode":0,"name":"Shaded","section":"Shading Mode"},"sceneLighting":true,"audioPlay":false,"sceneViewState":{"m_AlwaysRefresh":false,"showFog":true,"showSkybox":true,"showFlares":true,"showImageEffects":true,"showParticleSystems":true,"showVisualEffectGraphs":true,"m_FxEnabled":true},"in2DMode":false,"pivot":{"x":72.1335220336914,"y":-101.65577697753906,"z":112.43888854980469},"rotation":{"x":0.3447088599205017,"y":0.28742510080337527,"z":-0.11176091432571411,"w":0.8866245150566101},"size":104.95277404785156,"orthographic":false}